id,name,one_liner,category,mechanic_twist,why_gap_exists,monetization,india_angle,effort
1,CollegeRank.lol,Pay to be #1 startup in your college,Regional / Education,Each college gets own board; ₹100 min; leaderboard resets monthly; verified .edu email,0 college boards in 411 list; 1000+ Indian colleges desperate for visibility,₹100-500 per bid + sponsorship from college fests,Perfect for IITs/BITS - Delhi University first,Low
2,HarbergerRank.lol,Own #1 but pay tax; anyone can buy you out,Mechanic Innovation,Harberger tax: you set self-assessed price; pay 5% daily tax; anyone can buy spot at that price,No Harberger board exists; solves whale squatting problem forever,5% daily tax + 2% sale fee,Novel economics play - buzz in crypto circles,Medium
3,LeaseRank - TimeSlot Bid,Rent #1 for 60 mins during peak traffic,Time-based,Slots sold like ad inventory; 24 slots/day; min $5/slot; countdown timer,All boards are forever-until-outbid; no time-leased board; founders want launch-hour spike,$5-200 per hour slot; 24x daily revenue,IPL match / Product Hunt launch hour - Delhi timezone peak,Low
4,PromptRank.lol,Best AI prompts ranked by money,AI Vertical,Prompts marketplace; pay to rank your prompt; buyers pay to unlock; rank = bid + sales,Only 1 prompt keyword in 411 boards; prompts are hot commodity,$1 to list + 20% of prompt sales,Indian AI creators need distribution,Low
5,FoodRank Delhi,Pay to be #1 dish in Delhi today,Local / Food,Hyperlocal: restaurants pay ₹200 to rank dish; bid becomes ₹10 coupons for first 20 orders,0 restaurant boards; high buyer intent vs founder vanity clicks,₹200/bid + commission on coupon redemption,Start with Delhi NCR - Zomato killer twist,Medium
6,ShaadiRank.lol,Pay to rank your matrimony profile, Dating / Matrimony,Profiles pay ₹500 to be #1 in city/age filter for 24h; verified Aadhaar; female profiles free,0 matrimony boards; matrimony is ₹1000Cr market in India,₹500 per 24h boost; female free = viral,Controversial but Shaadi.com does similar with Boost,Low
7,GigRank.lol,Freelancers pay to rank for client brief,Marketplace Reverse,Clients post brief; freelancers pay $5 to rank proposal; client gets 50% of bids as discount,Only 2 hire boards; reverse marketplace untapped,$5 per proposal + client discount = win-win,Indian freelancers on Upwork need edge,Medium
8,OpenSourceRank.lol,Sponsor OSS to rank it,Dev / OSS,Bid money goes directly to GitHub sponsor of repo; rank = total sponsored; devs earn,No OSS boards; devs love supporting OSS; ethical twist,10% platform fee on sponsorship,Indian OSS devs monetization,Low
9,NewsletterBid.lol,Pay to be sponsored in top newsletters,Creator Economy,5 newsletters bundle; pay to rank for next issue; verified open rates shown,Only 1 newsletter board; newsletter sponsorship is $300M market,$50 min + 15% fee,"Partner with Indian creators - Figma, GrowthX",Medium
10,BillboardIRL.lol,Pay online rank on real LED board in Gurgaon,Physical x Digital,Live camera of real billboard in CyberHub; pay online; your QR shows for 1 hour,0 physical-digital boards; everyone does digital only,$20 per hour IRL; high margin,Need 1 LED partner in Delhi - easy,High
11,AgentRank - x402,AI agents pay machine-to-machine to rank,AI Agents,Uses x402 protocol; agents autonomously bid USDC to rank API endpoints; no humans,Only 2 x402 boards (nohumans.lol etc); agent economy exploding,$1 min + gas; infra for agent economy,Build for Bangalore AI agent startups,Medium
12,ResumeRank.lol,Pay to rank resume in recruiter feed,Talent,Recruiters see feed; candidates pay $10 to be top for 7 days; AI feedback included,0 resume boards; Naukri charges ₹2000 for similar, $10/week = cheap,Naukri alternative for freshers,Low
13,EventHijack.lol,Own #1 during IPL / WWDC / Demo Day,Event-based,Board only live during event; 100 slots; $2 min; live visitor count spikes,No event-based boards; event attention is 100x normal,$2-100 per event; repeatable,IPL 2026 = perfect launchpad,Low
14,DomainBid.lol,Expired domains ranked by bid,Web Assets,Expired .com/.in domains; pay to rank your domain for sale; escrow integrated,Only 3 domain boards; domain flipping is huge in India,$1 to list + 5% sale commission, .in domains cheap,Low
15,PodcastRank.lol,Pay to rank your podcast clip in feed,Audio / Clips,30-sec clip plays on landing; pay to be #1 clip of day; listeners vote with listen time,Only 1 podcast board; podcast discovery is broken,$3 min + tipping,Indian podcast scene growing,Medium
16,NegativeBid - Pay to Bury,Pay $2 to push competitor down 1 spot,Mechanic - Sabotage,Each $2 bury = -1 rank for target; target gets notified and can pay to recover; drama = virality,0 bury boards; controversy drives clicks,$2 per bury; 50% goes to buried as credit,Legal risk - need abuse controls,Low
17,KarmaPool - Lose to Win,Losing bids give karma to discount next bid,Retention Mechanic,When outbid you get 50% as karma credit; karma decays in 7 days; forces rebid,No retention mechanic in any board; median $19 = churn problem,Rebid revenue + karma expiry = FOMO,Works for price-sensitive India,Low
18,WhaleHunter - SquadBid,100 small founders pool to kill whale,Collaborative,Create squad; pool bids; if pool > #1 you share #1 as carousel; auto-split clicks,No pooling mechanic; whales scare small players,10% squad creation fee + pool,Perfect for IndieHacker India community,Medium
19,RentMyInbox.lol,Recruiters pay to rank outreach to you,Talent Reverse,Candidates free; recruiters pay $5 to rank their DM to candidate; candidate gets $2 per read,No reverse recruiter board; candidate inbox is spam hell,$5 per DM; $2 to candidate = incentive to read,Naukri spam killer,Medium
20,ReviewRank.lol,Pay to rank but rank decays if bad reviews,Quality x Money,Rank = bid * (avg rating); 1-star reviews tank you even if you paid $1000; verified buyers only,$1 + quality multiplier,Trust problem in pay-to-rank - this fixes,Review culture strong in India,Medium
21,WaitlistJump.lol,Pay to jump waitlist queue,Queue Economy,Startups post waitlist; users pay $1-10 to jump queue; startup gets 70% of jump fee,No waitlist boards; waitlists are everywhere in 2026,30% platform fee on jumps,Use for exclusive Delhi clubs / events,Low
22,CharityBid 2.0 - ESG Rank,Corporate ESG leaderboard with tax receipt,Charity / ESG,Companies bid; 100% goes to NGO; get 80G tax receipt + ESG badge; ranked by total donated,Only 1 charity board (outcharity.com) but no tax angle,0% fee - monetize via corporate sponsors,CSR requirement in India = huge,Low
23,ShopifyRank.lol,Pay to rank Shopify app in category,Vertical SaaS,Shopify apps pay to rank for keyword "email marketing"; verified installs shown; anti-fake,Only 1 Shopify board (topshopifyapp.lol) but weak, $10 min + app store affiliate,Indian Shopify devs (3000+),Low
24,MemeRank - Clip War,Pay to push meme / reel to top,Memes / Reels,Reels compete; pay $1 to push; top reel auto-posted to IG page with 100k followers,Only few clip boards (clipwar.lol) but no distribution, $1 per push + IG growth,Indian meme pages monetization,Medium
25,MapMyBlock Delhi,Claim Delhi blocks - Connaught Place etc,Hyperlocal Map,Warmap.lol clone but for Delhi: 100 blocks; own CP for ₹500; anyone can steal for 1.5x,Regional boards 18 but 0 city-block level,1.5x steal fee = 50% profit,Delhi pride - fight for your locality,Low
